STAR HOME J12 CITRUS JUICE,JOD8.50,https://cdn11.bigcommerce.com/s-2vdeyfqhp1/images/stencil/590x590/products/26770/38052/download_1__80109.1615810198.jpg?c=2
CONTI Grill 810W - Stainless Steel.,JOD8.95,https://cdn11.bigcommerce.com/s-2vdeyfqhp1/images/stencil/590x590/products/25793/33857/conti_grill1__52891.1601800455.jpg?c=2
SINBO Electrical Coffee Pot 1000W 0.4L 5 Cups - White,JOD8.95,https://cdn11.bigcommerce.com/s-2vdeyfqhp1/images/stencil/590x590/products/8542/19381/0871594401__48257.1586315881.png?c=2
"MEGA Kettle,1500W,1.8L,Stainless Steel",JOD9.00,https://cdn11.bigcommerce.com/s-2vdeyfqhp1/images/stencil/590x590/products/24858/29737/Capture__97266.1615993038.PNG?c=2
"SAMIX Turkish Coffee Maker,1000W,5 Cups, White",JOD9.50,https://cdn11.bigcommerce.com/s-2vdeyfqhp1/images/stencil/590x590/products/16997/26079/samix_fincan__59345.1617009374.jpg?c=2
"SIZZLER Turkish Coffee Machine,1000W,5 Cups, Black",JOD9.50,https://cdn11.bigcommerce.com/s-2vdeyfqhp1/images/stencil/590x590/products/14643/33771/coffepot1__76314.1615992534.jpg?c=2
"SAMIX Citrus Juicer,40W,White",JOD9.99,https://cdn11.bigcommerce.com/s-2vdeyfqhp1/images/stencil/590x590/products/15510/35888/snk-2009__21197.1586119588__07648.1615927051.jpg?c=2
STAR HOME BL17 BLENDER,JOD9.99,https://cdn11.bigcommerce.com/s-2vdeyfqhp1/images/stencil/590x590/products/26767/38049/621af29360685f88fae4c26f96ed9d8c_L__65787.1615809641.jpg?c=2
"NATIONAL DELUXE Hand Mixer,150W ,White",JOD10.00,https://cdn11.bigcommerce.com/s-2vdeyfqhp1/images/stencil/590x590/products/17014/36022/NDHM218-228x228__53178.1615795913.png?c=2
"SAMIX Sandwich Maker,750W, Black",JOD10.95,https://cdn11.bigcommerce.com/s-2vdeyfqhp1/images/stencil/590x590/products/20767/36170/snk_4005_1__01790.1615892957.jpg?c=2
"CONTI Coffee Grinder,150W,50G,Brown",JOD11.00,https://cdn11.bigcommerce.com/s-2vdeyfqhp1/images/stencil/590x590/products/14836/35865/contigringde1__21012.1615922831.jpg?c=2
DAEWOO DE-10721 HAND MIXER 150W,JOD11.00,https://cdn11.bigcommerce.com/s-2vdeyfqhp1/images/stencil/590x590/products/26780/38063/Screenshot_2021-03-15_152722__19966.1615814862.jpg?c=2
